ev00000.dat,opcodes.yml,3x3eyes.tbl,0xC800,4
ev00001.dat,opcodes.yml,3x3eyes.tbl,0x14800,39
ev00002.dat,opcodes.yml,3x3eyes.tbl,0xC800,18
ev00003.dat,opcodes.yml,3x3eyes.tbl,0xC800,5
ev00003.dat,opcodes.yml,3x3eyes.tbl,0xC800,5
ev00004.dat,opcodes.yml,3x3eyes.tbl,0xC800,3
ev00005.dat,opcodes.yml,3x3eyes.tbl,0xC800,25
ev00006.dat,opcodes.yml,3x3eyes.tbl,0x14800,40
ev00007.dat,opcodes.yml,3x3eyes.tbl,0x14800,35
ev00008.dat,opcodes.yml,3x3eyes.tbl,0x14800,35
ev00009.dat,opcodes.yml,3x3eyes.tbl,0x14800,35
ev0000a.dat,opcodes.yml,3x3eyes.tbl,0x14800,35
ev0000b.dat,opcodes.yml,3x3eyes.tbl,0x14800,35
ev0000c.dat,opcodes.yml,3x3eyes.tbl,0x14800,37
ev0000d.dat,opcodes.yml,3x3eyes.tbl,0x14800,35
ev0000e.dat,opcodes.yml,3x3eyes.tbl,0x14800,35
ev0000f.dat,opcodes.yml,3x3eyes.tbl,0x14800,35
ev00010.dat,opcodes.yml,3x3eyes.tbl,0x14800,35
ev00011.dat,opcodes.yml,3x3eyes.tbl,0xC800,33
ev00012.dat,opcodes.yml,3x3eyes.tbl,0x14800,68
ev00013.dat,opcodes.yml,3x3eyes.tbl,0x14800,54
ev00014.dat,opcodes.yml,3x3eyes.tbl,0x14800,53
ev00015.dat,opcodes.yml,3x3eyes.tbl,0x14800,53
ev00016.dat,opcodes.yml,3x3eyes.tbl,0x14800,56
ev00017.dat,opcodes.yml,3x3eyes.tbl,0x14800,32
ev00018.dat,opcodes.yml,3x3eyes.tbl,0x14800,26
ev00019.dat,opcodes.yml,3x3eyes.tbl,0x14800,30
ev0001a.dat,opcodes.yml,3x3eyes.tbl,0x14800,28
ev0001b.dat,opcodes.yml,3x3eyes.tbl,0x14800,27
ev0001c.dat,opcodes.yml,3x3eyes.tbl,0x14800,30
ev0001d.dat,opcodes.yml,3x3eyes.tbl,0x14800,30
ev0001e.dat,opcodes.yml,3x3eyes.tbl,0x14800,30
ev0001f.dat,opcodes.yml,3x3eyes.tbl,0x14800,28
ev00020.dat,opcodes.yml,3x3eyes.tbl,0x14800,28
ev00021.dat,opcodes.yml,3x3eyes.tbl,0x14800,28
ev00022.dat,opcodes.yml,3x3eyes.tbl,0x14800,28
ev00023.dat,opcodes.yml,3x3eyes.tbl,0x14800,28
ev00024.dat,opcodes.yml,3x3eyes.tbl,0x14800,28
ev00025.dat,opcodes.yml,3x3eyes.tbl,0x14800,28
ev00026.dat,opcodes.yml,3x3eyes.tbl,0xC800,18
ev00027.dat,opcodes.yml,3x3eyes.tbl,0x14800,27
ev00028.dat,opcodes.yml,3x3eyes.tbl,0x14800,22
ev00029.dat,opcodes.yml,3x3eyes.tbl,0x14800,43
ev0002a.dat,opcodes.yml,3x3eyes.tbl,0x14800,36
ev0002b.dat,opcodes.yml,3x3eyes.tbl,0x14800,36
ev0002c.dat,opcodes.yml,3x3eyes.tbl,0x14800,36
ev0002d.dat,opcodes.yml,3x3eyes.tbl,0x14800,36
ev0002e.dat,opcodes.yml,3x3eyes.tbl,0x14800,36
ev0002f.dat,opcodes.yml,3x3eyes.tbl,0x14800,36
ev00030.dat,opcodes.yml,3x3eyes.tbl,0x14800,21
ev00031.dat,opcodes.yml,3x3eyes.tbl,0x14800,26
ev00032.dat,opcodes.yml,3x3eyes.tbl,0x14800,46
ev00033.dat,opcodes.yml,3x3eyes.tbl,0x14800,53
ev00034.dat,opcodes.yml,3x3eyes.tbl,0x14800,47
ev00035.dat,opcodes.yml,3x3eyes.tbl,0x14800,47
ev00036.dat,opcodes.yml,3x3eyes.tbl,0x14800,47
ev00037.dat,opcodes.yml,3x3eyes.tbl,0x14800,47
ev00039.dat,opcodes.yml,3x3eyes.tbl,0x14800,65
ev0003a.dat,opcodes.yml,3x3eyes.tbl,0x14800,232
ev0003b.dat,opcodes.yml,3x3eyes.tbl,0x14800,44
ev0003c.dat,opcodes.yml,3x3eyes.tbl,0x14800,62
ev0003d.dat,opcodes.yml,3x3eyes.tbl,0x14800,61
ev0003e.dat,opcodes.yml,3x3eyes.tbl,0x14800,50
ev0003f.dat,opcodes.yml,3x3eyes.tbl,0xc800,16
ev00040.dat,opcodes.yml,3x3eyes.tbl,0xC800,14
ev00041.dat,opcodes.yml,3x3eyes.tbl,0xC800,3
ev00042.dat,opcodes.yml,3x3eyes.tbl,0xC800,28
ev00043.dat,opcodes.yml,3x3eyes.tbl,0x14800,57
ev00044.dat,opcodes.yml,3x3eyes.tbl,0x14800,16
ev00045.dat,opcodes.yml,3x3eyes.tbl,0x14800,16
ev00046.dat,opcodes.yml,3x3eyes.tbl,0x14800,16
ev00047.dat,opcodes.yml,3x3eyes.tbl,0x14800,16
ev00048.dat,opcodes.yml,3x3eyes.tbl,0x14800,16
ev00049.dat,opcodes.yml,3x3eyes.tbl,0x14800,49
ev0004a.dat,opcodes.yml,3x3eyes.tbl,0xc800,10
ev0004b.dat,opcodes.yml,3x3eyes.tbl,0xc800,11
ev0004c.dat,opcodes.yml,3x3eyes.tbl,0xc800,8
ev0004d.dat,opcodes.yml,3x3eyes.tbl,0x14800,51
ev0004e.dat,opcodes.yml,3x3eyes.tbl,0x14800,51
ev0004f.dat,opcodes.yml,3x3eyes.tbl,0x14800,51
ev00050.dat,opcodes.yml,3x3eyes.tbl,0x14800,13
ev00051.dat,opcodes.yml,3x3eyes.tbl,0x14800,3
ev00052.dat,opcodes.yml,3x3eyes.tbl,0x14800,1
ev00053.dat,opcodes.yml,3x3eyes.tbl,0xC800,8
ev00054.dat,opcodes.yml,3x3eyes.tbl,0x14800,25
ev00055.dat,opcodes.yml,3x3eyes.tbl,0x14800,25
ev00056.dat,opcodes.yml,3x3eyes.tbl,0x14800,25
ev00058.dat,opcodes.yml,3x3eyes.tbl,0x14800,19
ev00059.dat,opcodes.yml,3x3eyes.tbl,0x14800,24
ev0005a.dat,opcodes.yml,3x3eyes.tbl,0x14800,19
ev0005c.dat,opcodes.yml,3x3eyes.tbl,0x14800,2
ev0005e.dat,opcodes.yml,3x3eyes.tbl,0x14800,2
ev00060.dat,opcodes.yml,3x3eyes.tbl,0x14800,31
ev00061.dat,opcodes.yml,3x3eyes.tbl,0x14800,26
ev00062.dat,opcodes.yml,3x3eyes.tbl,0x14800,44
ev00063.dat,opcodes.yml,3x3eyes.tbl,0x14800,26
ev00065.dat,opcodes.yml,3x3eyes.tbl,0x14800,1
ev00067.dat,opcodes.yml,3x3eyes.tbl,0x14800,30
ev00068.dat,opcodes.yml,3x3eyes.tbl,0x14800,14
ev00069.dat,opcodes.yml,3x3eyes.tbl,0x14800,14
ev0006a.dat,opcodes.yml,3x3eyes.tbl,0x14800,14
ev0006c.dat,opcodes.yml,3x3eyes.tbl,0x14800,81
ev0006d.dat,opcodes.yml,3x3eyes.tbl,0x14800,68
ev0006f.dat,opcodes.yml,3x3eyes.tbl,0x14800,41
ev00070.dat,opcodes.yml,3x3eyes.tbl,0x14800,29
ev00072.dat,opcodes.yml,3x3eyes.tbl,0x14800,28
ev00073.dat,opcodes.yml,3x3eyes.tbl,0x14800,28
ev00075.dat,opcodes.yml,3x3eyes.tbl,0x14800,27
ev00076.dat,opcodes.yml,3x3eyes.tbl,0x14800,27
ev00077.dat,opcodes.yml,3x3eyes.tbl,0x14800,27
ev00078.dat,opcodes.yml,3x3eyes.tbl,0x14800,27
ev0007a.dat,opcodes.yml,3x3eyes.tbl,0x14800,32
ev0007b.dat,opcodes.yml,3x3eyes.tbl,0x14800,32
ev0007d.dat,opcodes.yml,3x3eyes.tbl,0x14800,23
ev0007e.dat,opcodes.yml,3x3eyes.tbl,0x14800,23
ev0007f.dat,opcodes.yml,3x3eyes.tbl,0x14800,23
ev00081.dat,opcodes.yml,3x3eyes.tbl,0x14800,36
ev00082.dat,opcodes.yml,3x3eyes.tbl,0x14800,36
ev00083.dat,opcodes.yml,3x3eyes.tbl,0x14800,36
ev00084.dat,opcodes.yml,3x3eyes.tbl,0x14800,36
ev00086.dat,opcodes.yml,3x3eyes.tbl,0xc800,16
ev00089.dat,opcodes.yml,3x3eyes.tbl,0x14800,16
ev0008a.dat,opcodes.yml,3x3eyes.tbl,0x14800,18
ev0008b.dat,opcodes.yml,3x3eyes.tbl,0x14800,16
ev0008d.dat,opcodes.yml,3x3eyes.tbl,0x14800,46
ev0008e.dat,opcodes.yml,3x3eyes.tbl,0x14800,21
ev00090.dat,opcodes.yml,3x3eyes.tbl,0x14800,31
ev00091.dat,opcodes.yml,3x3eyes.tbl,0x14800,31
ev00093.dat,opcodes.yml,3x3eyes.tbl,0x14800,7
ev00094.dat,opcodes.yml,3x3eyes.tbl,0x14800,7
ev00096.dat,opcodes.yml,3x3eyes.tbl,0xc800,17
ev00097.dat,opcodes.yml,3x3eyes.tbl,0xc800,17
ev00099.dat,opcodes.yml,3x3eyes.tbl,0x14800,60
ev0009a.dat,opcodes.yml,3x3eyes.tbl,0x14800,59
ev0009c.dat,opcodes.yml,3x3eyes.tbl,0x14800,3
ev0009d.dat,opcodes.yml,3x3eyes.tbl,0x14800,3
ev0009f.dat,opcodes.yml,3x3eyes.tbl,0x14800,15
ev000a0.dat,opcodes.yml,3x3eyes.tbl,0x14800,6
ev000a1.dat,opcodes.yml,3x3eyes.tbl,0x14800,13
ev000a2.dat,opcodes.yml,3x3eyes.tbl,0x14800,30
ev000a3.dat,opcodes.yml,3x3eyes.tbl,0x14800,30
ev000a5.dat,opcodes.yml,3x3eyes.tbl,0x14800,31
ev000a6.dat,opcodes.yml,3x3eyes.tbl,0x14800,31
ev000a8.dat,opcodes.yml,3x3eyes.tbl,0x14800,40
ev000a9.dat,opcodes.yml,3x3eyes.tbl,0x14800,48
ev000aa.dat,opcodes.yml,3x3eyes.tbl,0x14800,48
ev000ab.dat,opcodes.yml,3x3eyes.tbl,0x14800,21
ev000ac.dat,opcodes.yml,3x3eyes.tbl,0x14800,21
ev000ae.dat,opcodes.yml,3x3eyes.tbl,0xc800,4
ev000af.dat,opcodes.yml,3x3eyes.tbl,0xc800,5
ev000b0.dat,opcodes.yml,3x3eyes.tbl,0xc800,6
ev000b1.dat,opcodes.yml,3x3eyes.tbl,0xc800,6
ev000b2.dat,opcodes.yml,3x3eyes.tbl,0xc800,5
ev000b3.dat,opcodes.yml,3x3eyes.tbl,0xc800,7
ev000b5.dat,opcodes.yml,3x3eyes.tbl,0xc800,11
ev000b6.dat,opcodes.yml,3x3eyes.tbl,0xc800,8
ev000b7.dat,opcodes.yml,3x3eyes.tbl,0xc800,13
ev000b9.dat,opcodes.yml,3x3eyes.tbl,0xc800,13
ev000ba.dat,opcodes.yml,3x3eyes.tbl,0xc800,6
ev000bb.dat,opcodes.yml,3x3eyes.tbl,0xc800,23
ev000bc.dat,opcodes.yml,3x3eyes.tbl,0xc800,11
ev000be.dat,opcodes.yml,3x3eyes.tbl,0xc800,22
ev000bf.dat,opcodes.yml,3x3eyes.tbl,0xc800,22
ev000c1.dat,opcodes.yml,3x3eyes.tbl,0xc800,23
ev000c2.dat,opcodes.yml,3x3eyes.tbl,0xc800,2
ev000c4.dat,opcodes.yml,3x3eyes.tbl,0xc800,5
ev000c6.dat,opcodes.yml,3x3eyes.tbl,0xc800,18
ev000c8.dat,opcodes.yml,3x3eyes.tbl,0xc800,11
ev000ca.dat,opcodes.yml,3x3eyes.tbl,0xc800,2
ev000cc.dat,opcodes.yml,3x3eyes.tbl,0xc800,12
ev000cd.dat,opcodes.yml,3x3eyes.tbl,0xc800,18
ev000d0.dat,opcodes.yml,3x3eyes.tbl,0xc800,21
ev000d2.dat,opcodes.yml,3x3eyes.tbl,0xc800,27
ev000d4.dat,opcodes.yml,3x3eyes.tbl,0xc800,41
ev000d6.dat,opcodes.yml,3x3eyes.tbl,0xc800,13
ev000d7.dat,opcodes.yml,3x3eyes.tbl,0xc800,13
ev000d9.dat,opcodes.yml,3x3eyes.tbl,0xc800,3
ev000db.dat,opcodes.yml,3x3eyes.tbl,0xc800,10
ev000dc.dat,opcodes.yml,3x3eyes.tbl,0xc800,12
ev000de.dat,opcodes.yml,3x3eyes.tbl,0xc800,2
ev000e0.dat,opcodes.yml,3x3eyes.tbl,0xc800,19
ev000e2.dat,opcodes.yml,3x3eyes.tbl,0x14800,25
ev000e3.dat,opcodes.yml,3x3eyes.tbl,0x14800,50
ev000e4.dat,opcodes.yml,3x3eyes.tbl,0x14800,50
ev000e5.dat,opcodes.yml,3x3eyes.tbl,0x14800,50
ev000e6.dat,opcodes.yml,3x3eyes.tbl,0x14800,50
ev000e7.dat,opcodes.yml,3x3eyes.tbl,0x14800,50
ev000e8.dat,opcodes.yml,3x3eyes.tbl,0x14800,50
ev000e9.dat,opcodes.yml,3x3eyes.tbl,0x14800,50
ev000ea.dat,opcodes.yml,3x3eyes.tbl,0x14800,50
ev000ee.dat,opcodes.yml,3x3eyes.tbl,0x14800,1
ev000f1.dat,opcodes.yml,3x3eyes.tbl,0x14800,1
ev000f2.dat,opcodes.yml,3x3eyes.tbl,0x14800,1
ev000f3.dat,opcodes.yml,3x3eyes.tbl,0x14800,4
ev000f4.dat,opcodes.yml,3x3eyes.tbl,0x14800,4
ev000f6.dat,opcodes.yml,3x3eyes.tbl,0x14800,1
ev000f7.dat,opcodes.yml,3x3eyes.tbl,0x14800,1
ev000f9.dat,opcodes.yml,3x3eyes.tbl,0x14800,1
ev000fa.dat,opcodes.yml,3x3eyes.tbl,0x14800,1
ev000fb.dat,opcodes.yml,3x3eyes.tbl,0x14800,1
ev000fd.dat,opcodes.yml,3x3eyes.tbl,0x14800,16
ev000fe.dat,opcodes.yml,3x3eyes.tbl,0xc800,18
ev00102.dat,opcodes.yml,3x3eyes.tbl,0x14800,12
ev00105.dat,opcodes.yml,3x3eyes.tbl,0x14800,1
ev00106.dat,opcodes.yml,3x3eyes.tbl,0x14800,1
ev00107.dat,opcodes.yml,3x3eyes.tbl,0x14800,1
ev00109.dat,opcodes.yml,3x3eyes.tbl,0x14800,1
ev0010a.dat,opcodes.yml,3x3eyes.tbl,0x14800,1
ev0010d.dat,opcodes.yml,3x3eyes.tbl,0x14800,1
ev00110.dat,opcodes.yml,3x3eyes.tbl,0xc800,3
ev00112.dat,opcodes.yml,3x3eyes.tbl,0xc800,3
ev00114.dat,opcodes.yml,3x3eyes.tbl,0xc800,3
ev00116.dat,opcodes.yml,3x3eyes.tbl,0xc800,3
ev00118.dat,opcodes.yml,3x3eyes.tbl,0xc800,3
ev0011a.dat,opcodes.yml,3x3eyes.tbl,0xc800,55
ev0011c.dat,opcodes.yml,3x3eyes.tbl,0xc800,1
ev0011e.dat,opcodes.yml,3x3eyes.tbl,0xc800,48
ev00120.dat,opcodes.yml,3x3eyes.tbl,0xc800,12
ev00122.dat,opcodes.yml,3x3eyes.tbl,0xc800,6
ev00124.dat,opcodes.yml,3x3eyes.tbl,0x14800,13
ev00125.dat,opcodes.yml,3x3eyes.tbl,0xc800,13
ev00126.dat,opcodes.yml,3x3eyes.tbl,0xc800,10
ev00127.dat,opcodes.yml,3x3eyes.tbl,0xc800,1
ev00128.dat,opcodes.yml,3x3eyes.tbl,0x14800,53
ev00129.dat,opcodes.yml,3x3eyes.tbl,0x14800,58
ev0012a.dat,opcodes.yml,3x3eyes.tbl,0x14800,58
ev0012b.dat,opcodes.yml,3x3eyes.tbl,0x14800,58
ev0012c.dat,opcodes.yml,3x3eyes.tbl,0x14800,58
ev0012d.dat,opcodes.yml,3x3eyes.tbl,0x14800,7
ev0012f.dat,opcodes.yml,3x3eyes.tbl,0xc800,16
ev00133.dat,opcodes.yml,3x3eyes.tbl,0xc800,56
ev00134.dat,opcodes.yml,3x3eyes.tbl,0x14800,18